<collection id="all-nltk" name="All packages available on nltk_data gh-pages branch">
    <item ref="abc"/>
    <item ref="alpino"/>
    <item ref="biocreative_ppi"/>
    <item ref="brown"/>
    <item ref="brown_tei"/>
    <item ref="cess_cat"/>
    <item ref="cess_esp"/>
    <item ref="chat80"/>
    <item ref="city_database"/>
    <item ref="cmudict"/>
    <item ref="comparative_sentences"/>
    <item ref="comtrans"/>
    <item ref="conll2000"/>
    <item ref="conll2002"/>
    <item ref="conll2007"/>
    <item ref="crubadan"/>
    <item ref="dependency_treebank"/>
    <item ref="europarl_raw"/>
    <item ref="floresta"/>
    <item ref="framenet_v15"/>
    <item ref="framenet_v17"/>
    <item ref="gazetteers"/>
    <item ref="genesis"/>
    <item ref="gutenberg"/>
    <item ref="ieer"/>
    <item ref="inaugural"/>
    <item ref="indian"/>
    <item ref="jeita"/>
    <item ref="kimmo"/>
    <item ref="knbc"/>
    <item ref="lin_thesaurus"/>
    <item ref="mac_morpho"/>
    <item ref="machado"/>
    <item ref="masc_tagged"/>
    <item ref="moses_sample"/>
    <item ref="movie_reviews"/>
    <item ref="names"/>
    <item ref="nombank.1.0"/>
    <item ref="nps_chat"/>
    <item ref="omw"/>
    <item ref="opinion_lexicon"/>   
    <item ref="paradigms"/>
    <item ref="pil"/>
    <item ref="pl196x"/>
    <item ref="ppattach"/>
    <item ref="problem_reports"/>
    <item ref="propbank"/>
    <item ref="ptb"/>
    <item ref="product_reviews_1"/>
    <item ref="product_reviews_2"/>
    <item ref="pros_cons"/>
    <item ref="qc"/>
    <item ref="reuters"/>
    <item ref="rte"/>
    <item ref="semcor"/>
    <item ref="senseval"/>
    <item ref="sentiwordnet"/>
     <item ref="sentence_polarity"/>
    <item ref="shakespeare"/>
    <item ref="sinica_treebank"/>
    <item ref="smultron"/>
    <item ref="state_union"/>
    <item ref="stopwords"/>
    <item ref="subjectivity"/>
    <item ref="swadesh"/>
    <item ref="switchboard"/>
    <item ref="timit"/>
    <item ref="toolbox"/>
    <item ref="treebank"/>
    <item ref="twitter_samples"/>
    <item ref="udhr"/>
    <item ref="udhr2"/>
    <item ref="unicode_samples"/>
    <item ref="universal_treebanks_v20"/>
    <item ref="verbnet"/>
    <item ref="verbnet3"/>
    <item ref="webtext"/>
    <item ref="wordnet"/>
    <item ref="wordnet_ic"/>
    <item ref="words"/>
    <item ref="ycoe"/>
    <item ref="rslp"/>
    <item ref="maxent_treebank_pos_tagger"/>
    <item ref="universal_tagset"/>
    <item ref="maxent_ne_chunker"/>
    <item ref="punkt"/>
    <item ref="book_grammars"/>
    <item ref="sample_grammars"/>
    <item ref="spanish_grammars"/>
    <item ref="basque_grammars"/>
    <item ref="large_grammars"/>
    <item ref="tagsets"/>
    <item ref="snowball_data"/>
    <item ref="bllip_wsj_no_aux"/>
    <item ref="word2vec_sample"/>
    <item ref="panlex_swadesh"/>
    <item ref="mte_teip5"/>
    <item ref="averaged_perceptron_tagger"/>
    <item ref="perluniprops"/>
    <item ref="nonbreaking_prefixes"/>
    <item ref="vader_lexicon"/>
    <item ref="porter_test"/>
    <item ref="wmt15_eval"/>
    <item ref="mwa_ppdb"/>
</collection>
