<collection id="book" name="Everything used in the NLTK Book">
    <item ref="abc"/>
    <item ref="brown"/>
    <item ref="chat80"/>
    <item ref="cmudict"/>
    <item ref="conll2000"/>
    <item ref="conll2002"/>
    <item ref="dependency_treebank"/>
    <item ref="genesis"/>
    <item ref="gutenberg"/>
    <item ref="ieer"/>
    <item ref="inaugural"/>
    <item ref="movie_reviews"/>
    <item ref="nps_chat"/>
    <item ref="names"/>
    <item ref="ppattach"/>
    <item ref="reuters"/>
    <item ref="senseval"/>
    <item ref="state_union"/>
    <item ref="stopwords"/>
    <item ref="swadesh"/>
    <item ref="timit"/>
    <item ref="treebank"/>
    <item ref="toolbox"/>
    <item ref="udhr"/>
    <item ref="udhr2"/>
    <item ref="unicode_samples"/>
    <item ref="webtext"/>
    <item ref="wordnet"/>
    <item ref="wordnet_ic"/>
    <item ref="words"/>
    <item ref="maxent_treebank_pos_tagger"/>
    <item ref="maxent_ne_chunker"/>
    <item ref="universal_tagset"/>
    <item ref="punkt"/>
    <item ref="book_grammars"/>
    <item ref="city_database"/>
    <item ref="tagsets"/>
    <item ref="panlex_swadesh"/>
    <item ref="averaged_perceptron_tagger"/>
</collection>
