<collection id="popular" name="Popular packages">
    <item ref="cmudict"/>
    <item ref="gazetteers"/>
    <item ref="genesis"/>
    <item ref="gutenberg"/>
    <item ref="inaugural"/>
    <item ref="movie_reviews"/>
    <item ref="names"/>
    <item ref="shakespeare"/>
    <item ref="stopwords"/>
    <item ref="treebank"/>
    <item ref="twitter_samples"/>
    <item ref="omw"/>
    <item ref="wordnet"/>
    <item ref="wordnet_ic"/>
    <item ref="words"/>
    <item ref="maxent_ne_chunker"/>
    <item ref="punkt"/>
    <item ref="snowball_data"/>
    <item ref="averaged_perceptron_tagger"/>
</collection>
